{
  "type": "minecraft:chest",
  "pools": [
    {
      "rolls": {
        "type": "minecraft:uniform",
        "min": 1,
        "max": 2
      },
      "bonus_rolls": {
        "type": "minecraft:uniform",
        "min": 1,
        "max": 2
      },
      "entries": [
        {
          "type": "minecraft:tag",
          "name": "simpletms:type_dragon_tr",
          "expand": true,
          "weight": 10
        },
        {
          "type": "minecraft:tag",
          "name": "simpletms:type_psychic_tr",
          "expand": true,
          "weight": 10
        },
        {
          "type": "minecraft:tag",
          "name": "simpletms:type_flying_tr",
          "expand": true,
          "weight": 10
        }
      ],
      "conditions": [
        {
          "condition": "minecraft:random_chance",
          "chance": 0.2
        }
      ]
    },
    {
      "rolls": {
        "type": "minecraft:uniform",
        "min": 1,
        "max": 2
      },
      "bonus_rolls": {
        "type": "minecraft:uniform",
        "min": 1,
        "max": 2
      },
      "entries": [
        {
          "type": "minecraft:tag",
          "name": "simpletms:type_dragon_tm",
          "expand": true,
          "weight": 10
        },
        {
          "type": "minecraft:tag",
          "name": "simpletms:type_psychic_tm",
          "expand": true,
          "weight": 10
        },
        {
          "type": "minecraft:tag",
          "name": "simpletms:type_flying_tm",
          "expand": true,
          "weight": 10
        }
      ],
      "conditions": [
        {
          "condition": "minecraft:random_chance",
          "chance": 0.05
        }
      ]
    }
  ]
}
