{
  "type": "minecraft:chest",
  "pools": [
    {
      "rolls": {
        "type": "minecraft:uniform",
        "min": 1,
        "max": 2
      },
      "bonus_rolls": {
        "type": "minecraft:uniform",
        "min": 1,
        "max": 2
      },
      "entries": [
        {
          "type": "minecraft:tag",
          "name": "simpletms:type_grass_tr",
          "expand": true,
          "weight": 10
        },
        {
          "type": "minecraft:tag",
          "name": "simpletms:type_poison_tr",
          "expand": true,
          "weight": 10
        },
        {
          "type": "minecraft:tag",
          "name": "simpletms:type_electric_tr",
          "expand": true,
          "weight": 10
        }
      ],
      "conditions": [
        {
          "condition": "minecraft:random_chance",
          "chance": 0.1
        }
      ]
    },
    {
      "rolls": 1,
      "entries": [
        {
          "type": "minecraft:tag",
          "name": "simpletms:type_grass_tm",
          "expand": true,
          "weight": 10
        },
        {
          "type": "minecraft:tag",
          "name": "simpletms:type_poison_tm",
          "expand": true,
          "weight": 10
        },
        {
          "type": "minecraft:tag",
          "name": "simpletms:type_electric_tm",
          "expand": true,
          "weight": 10
        }
      ],
      "conditions": [
        {
          "condition": "minecraft:random_chance",
          "chance": 0.01
        }
      ]
    }
  ]
}
