{
  "type": "minecraft:chest",
  "pools": [
    {
      "rolls": {
        "type": "minecraft:uniform",
        "min": 1,
        "max": 2
      },
      "bonus_rolls": {
        "type": "minecraft:uniform",
        "min": 1,
        "max": 2
      },
      "entries": [
        {
          "type": "minecraft:tag",
          "name": "simpletms:type_fire_tr",
          "expand": true,
          "weight": 10
        },
        {
          "type": "minecraft:tag",
          "name": "simpletms:type_dark_tr",
          "expand": true,
          "weight": 10
        },
        {
          "type": "minecraft:tag",
          "name": "simpletms:type_ghost_tr",
          "expand": true,
          "weight": 10
        }
      ],
      "conditions": [
        {
          "condition": "minecraft:random_chance",
          "chance": 0.1
        }
      ]
    },
    {
      "rolls": 1,
      "entries": [
        {
          "type": "minecraft:tag",
          "name": "simpletms:type_fire_tm",
          "expand": true,
          "weight": 10
        },
        {
          "type": "minecraft:tag",
          "name": "simpletms:type_dark_tm",
          "expand": true,
          "weight": 10
        },
        {
          "type": "minecraft:tag",
          "name": "simpletms:type_ghost_tm",
          "expand": true,
          "weight": 10
        }
      ],
      "conditions": [
        {
          "condition": "minecraft:random_chance",
          "chance": 0.01
        }
      ]
    }
  ]
}
